Classifier,Acc_black,Acc_white,Acc_Diff,ClassAcc_Absent_black,ClassAcc_Present_black,ClassAcc_Absent_white,ClassAcc_Present_white,ClassAcc_Absent_Diff,ClassAcc_Present_Diff,Acc_Chisq_stat,Acc_Chisq_df,Acc_Chisq_p,ClassAcc_Absent_Chisq_stat,ClassAcc_Present_Chisq_stat,ClassAcc_Absent_Chisq_df,ClassAcc_Present_Chisq_df,ClassAcc_Absent_Chisq_p,ClassAcc_Present_Chisq_p,AccAUC,AUC,Acc,AccHalf,ClassAcc_Absent,ClassAccHalf_Absent,ClassAcc_Present,ClassAccHalf_Present,Description
UMS0.0,0.9010443003187865,0.793357194703777,0.10768710561500949,0.7309034509499807,0.9228060604557741,0.8633161642175428,0.6570226584987822,-0.1324127132675621,0.2657834019569919,210.16676149959622,1,1.2632323549959699e-47,60.70389765958726,629.2756329495496,1,1,6.633866452820378e-15,7.183972836897415e-139,0.7860760018045613,0.9240276401372303,0.8506911937404115,0.8189736167746248,0.8416143765383118,0.6185334623965609,0.8559656887909355,0.9365693555711352,"Baseline auto-coder of Rpresent, with all data and predictors"
