Classifier,Acc_black,Acc_white,Acc_Diff,ClassAcc_Absent_black,ClassAcc_Present_black,ClassAcc_Absent_white,ClassAcc_Present_white,ClassAcc_Absent_Diff,ClassAcc_Present_Diff,Acc_Chisq_stat,Acc_Chisq_df,Acc_Chisq_p,ClassAcc_Absent_Chisq_stat,ClassAcc_Present_Chisq_stat,ClassAcc_Absent_Chisq_df,ClassAcc_Present_Chisq_df,ClassAcc_Absent_Chisq_p,ClassAcc_Present_Chisq_p,AccAUC,AUC,Acc,AccHalf,ClassAcc_Absent,ClassAccHalf_Absent,ClassAcc_Present,ClassAccHalf_Present,Description
UMS4.1.1,0.9289986367034611,0.8870174978701094,0.04198113883335164,0.5260980894228875,0.9796292170985866,0.1834862385321101,0.9778024417314095,0.3426118508907774,0.0018267753671771247,28.621496489857616,1,8.799982443317194e-8,65.78257977571323,0.10142922448013715,1,1,5.035131613284907e-16,0.7501212036276947,0.8340543198802255,0.9080939085063846,0.9184563362504723,0.915872792383694,0.437242051234224,0.376115810328413,0.9791502904452145,0.9842255279880959,Combination of 2.1.1 & 1.3.1
UMS4.1.2,0.8837716484926235,0.8293245139306474,0.05444713456197603,0.9128933231005372,0.8250096786682153,0.9282569085939872,0.6372346698113207,-0.015363585493450072,0.18777500885689458,15.101409967229136,1,1.0188716074954837e-4,1.4081914412733318,36.626448651208996,1,1,0.23535685640840306,1.4307721062203557e-9,0.7400680135499639,0.8828838483267107,0.8381867682041578,0.8356522800045109,0.9256891021698139,0.9307172036027367,0.6668542168217356,0.6503713135305967,Combination of 2.1.1 & 1.3.2
