Classifier,Acc_Female,Acc_Male,Acc_Diff,ClassAcc_Absent_Female,ClassAcc_Present_Female,ClassAcc_Absent_Male,ClassAcc_Present_Male,ClassAcc_Absent_Diff,ClassAcc_Present_Diff,Acc_Chisq_stat,Acc_Chisq_df,Acc_Chisq_p,ClassAcc_Absent_Chisq_stat,ClassAcc_Present_Chisq_stat,ClassAcc_Absent_Chisq_df,ClassAcc_Present_Chisq_df,ClassAcc_Absent_Chisq_p,ClassAcc_Present_Chisq_p,AccAUC,AUC,Acc,AccHalf,ClassAcc_Absent,ClassAcc_Present,ClassAccHalf_Absent,ClassAccHalf_Present,Description
UMS0.0,0.8835062741312741,0.8069226608977826,0.0765836132334915,0.9648064353946707,0.4568413117225782,0.9325320717725781,0.5543366472403154,0.03227436362209257,-0.0974953355177372,50.680359290980896,1,1.0870192741843023e-12,18.27377788168039,8.59044327609057,1,1,1.913227241728593e-5,0.0033793173674689318,0.7082607141390075,0.8517814862108187,0.8314549160314747,0.8285961876111547,0.944531276504164,0.5362754484262249,0.9537965074748046,0.5021783631324258,"Baseline auto-coder of Rpresent, with all data and predictors"
